<?xml version="1.0" encoding="UTF-8"?>
<!DOCTYPE mapper
  PUBLIC "-//mybatis.org//DTD Mapper 3.0//EN"
  "http://mybatis.org/dtd/mybatis-3-mapper.dtd">

<mapper namespace="Pds">  
   <select  id         = "PdsList"   
            resultType = "com.green.pds.vo.PdsVo">
  SELECT  * FROM
   (   
      SELECT
            ROW_NUMBER() OVER(ORDER BY NREF DESC, STEP ASC)  RNUM,
		    IDX,
		    MENU_ID,
		    TITLE, 
		    WRITER,
		    READCOUNT,
		    (
		      SELECT   COUNT(RNO) 
		         FROM   G_REPLY  G
		         WHERE  G.IDX   =  B.IDX
		    )  REPLYCOUNT,
		    TO_CHAR(REGDATE, 'YYYY-MM-DD HH24:MI:SS')  REGDATE,
		    BNUM,
		    LVL,
		    STEP,
	        NREF,
	        BOARDBOOMUP,
	        BOARDBOOMDOWN
		    FROM BOARD  B
       <if test="menu_id != null and menu_id !=''">  
       WHERE     
          MENU_ID  =  #{menu_id}
       </if>         
    )  T
       WHERE  T.RNUM  
       BETWEEN  #{startnum}  AND  #{endnum}  
	   ORDER  BY   NREF  DESC,  STEP ASC         
		  
   </select>
   
   <select   id             = "GetTotalCount"
             parameterType  = "hashmap"
             resultType     = "_int">
                          
      SELECT
         COUNT( IDX )  AS   TOTALCOUNT
       FROM   
         BOARD
       <if test="menu_id != null and menu_id != ''"> 
         WHERE   MENU_ID = #{ menu_id }
       </if>
       
    </select>
   
   <select id="PdsView"
           resultType="com.green.pds.vo.PdsVo">
   
     SELECT   
	    IDX,
	    MENU_ID,
	    TITLE,
	    CONT,
	    WRITER,
	    TO_CHAR(REGDATE, 'YYYY-MM-DD HH24:MI:SS') REGDATE,
	    READCOUNT,
	    BNUM,
	    LVL,
	    STEP,
	    NREF,
	    BOARDBOOMUP,
	    BOARDBOOMDOWN
	 FROM
        BOARD
     WHERE
        IDX = #{ idx }   
   
   </select>
   
   <select id="FileList"
           resultType="com.green.pds.vo.FilesVo">
      
      SELECT   
          FILE_NUM,  IDX,  FILENAME,  FILEEXT,  SFILENAME, WRITER, TITLE
       FROM
          FILES
       WHERE   
          IDX   =   #{ idx }          
        
   </select>
   
    <select id="PdsGetBoom"
           resultType="com.green.pds.vo.PdsVo">
      
      SELECT   
          BOARDBOOMUP
       FROM
          BOARD
       WHERE   
          IDX   =   #{ idx }          
        
   </select>
   
   <select id="PdsLostBoom"
           resultType="com.green.pds.vo.PdsVo">
      
      SELECT   
          BOARDBOOMDOWN
       FROM
          BOARD
       WHERE   
          IDX   =   #{ idx }          
        
   </select>
   
   <select id="PdsBoomCheck"
           resultType="int" parameterType="java.util.HashMap">
      SELECT COUNT(*) 
        FROM C_REPLY
       WHERE IDX = #{idx} 
         AND USERID = #{userid}
   </select>
   
    
   <select id="FileName"
            resultType="com.green.pds.vo.FilesVo">
      SELECT FILENAME 
        FROM FILES
       WHERE 
        IDX = #{idx}
   </select>

   <select id="FileName2"
            resultType="com.green.pds.vo.FilesVo">
      SELECT FILENAME 
        FROM FILES
       WHERE 
        IDX = #{idx}
   </select>
   
   

   
   <insert id="PdsInsert">
      
      INSERT  INTO   BOARD (
           IDX
         , MENU_ID
         , TITLE
         , CONT
         , WRITER
         , REGDATE
         , READCOUNT
         , BNUM
         , LVL
         , STEP
         , NREF 
      )
      VALUES
      (
           ( SELECT NVL(MAX(IDX),0)+1 FROM BOARD)
         , #{ menu_id }
         , #{ title   }
         , #{ cont    }
         , #{ writer  }
         , SYSDATE
         , 0
         , ( SELECT  NVL(MAX(BNUM),0)+1 FROM BOARD)
         , 0
         , 0
         , ( SELECT  NVL(MAX(NREF),0)+1 FROM BOARD)
      )
      
   </insert>
   
   <insert id="insertc_reply">
	   INSERT INTO C_REPLY (
	   BNO
	 , IDX
	 , USERID
	) VALUES ( 
	  (SELECT NVL(MAX(BNO),0)+1 FROM C_REPLY)
	 , #{ idx }
	 , #{ userid   }
	)
   </insert>
   
      <insert id="PdsReply">
    
      INSERT  INTO   BOARD (
           IDX
         , MENU_ID
         , TITLE
         , CONT
         , WRITER
         , REGDATE
         , READCOUNT
         , BNUM
         , LVL
         , STEP
         , NREF 
      )
      VALUES
      (
           ( SELECT NVL(MAX(IDX),0)+1 FROM BOARD)
         , #{ menu_id }
         , #{ title   }
         , #{ cont    }
         , #{ writer  }
         , SYSDATE
         , 0
         , #{ bnum }
         , #{ lvl  } + 1
         , #{ step } + 1
         , #{ nref }
      )
   
   </insert>
   
   
   <!-- FileInsert -->
   <insert id="FileInsert">
   
     <foreach item="file"  collection="fileList"
         index     =  "i"
         open      =  "INSERT ALL"     
         close     =  "SELECT *  FROM DUAL"
         separator  =  " ">
     INTO   FILES   VALUES (
        GET_FILENUM() 
		, ( SELECT  MAX(IDX)   FROM BOARD  )
		, #{ file.filename   }     
		, #{ file.fileext    }     
		, #{ file.sfilename  }     
		, #{ writer  }     
		, #{ title  }     
		
     )   
     
     </foreach>     
   
   </insert>
   
   <insert id="FileInsert2">
   
     <foreach item="file"  collection="fileList"
         index     =  "i"
         open      =  "INSERT ALL"     
         close     =  "SELECT *  FROM DUAL"
         separator  =  " ">
     INTO   FILES   VALUES (
        GET_FILENUM() 
		, #{ idx             }
		, #{ file.filename   }     
		, #{ file.fileext    }     
		, #{ file.sfilename  }     
     )   
     
     </foreach>     
   
   </insert>
   
   <update  id="StepUpdate">
   
      UPDATE   BOARD
        SET    STEP     =  STEP + 1
        WHERE  MENU_ID  =  #{ menu_id }
	    AND    NREF     =  #{ nref    }
	    AND    STEP     >  #{ step }  
   
   </update>
   
      <update id="PdsUpdate">
      
      UPDATE  BOARD
       SET    TITLE  =  #{ title },
              CONT   =  #{ cont }
       WHERE  IDX    =  #{ idx } 	 
   
   </update>

   
   <update id="ReadcountUpdate">
   
   UPDATE  BOARD
    SET    READCOUNT = READCOUNT + 1
    WHERE  IDX = #{ idx }
   
   </update>
   
   <update id="BoardBoomUp">
	   UPDATE  BOARD
	    SET    BOARDBOOMUP = BOARDBOOMUP + 1
	    WHERE  IDX = #{ idx }
    </update>
   
   
   <update id="BoardBoomDown">
	UPDATE BOARD
	SET BOARDBOOMDOWN = BOARDBOOMDOWN +1
	WHERE IDX = #{idx}
   </update>
   
   
   <delete id="PdsDelete">
     
     DELETE  FROM BOARD
      WHERE  IDX = #{ idx  }
   
   </delete>
   

   
   <delete id="FileDelete">
   
     DELETE  FROM  FILES
      WHERE  IDX = #{ idx  }
   
   </delete>
   
   <delete id="FileDelete2">
   
     DELETE  FROM       FILES
      WHERE  FILE_NUM = #{ file_num  }
   
   </delete>
  
  
</mapper>
