<?xml version="1.0" encoding="UTF-8"?>
<!DOCTYPE mapper
  PUBLIC "-//mybatis.org//DTD Mapper 3.0//EN"
  "http://mybatis.org/dtd/mybatis-3-mapper.dtd">

<mapper namespace="Reply">  
  <select id="replyList"
              resultType="com.green.reply.vo.ReplyVo">
      SELECT 
      RNO,
      IDX,
      REPLYWRITER,
      REPLY,
      TO_CHAR(REPLYDATE, 'YYYY-MM-DD HH24:MI:SS')  REPLYDATE
      FROM G_REPLY
      WHERE IDX = #{ idx } 
      ORDER BY RNO
  </select>

   <insert id="insertReply">
      INSERT  INTO  G_REPLY (
      RNO, 
      IDX,
      REPLYWRITER, 
      REPLY,
      REPLYDATE
      )  VALUES  (  
      ( SELECT NVL(MAX(RNO), 0)+1  FROM  G_REPLY ),
      #{ idx },
      #{ replywriter },
      #{ reply },
      SYSDATE )
   </insert>
   
   <update id="updateReply">
   UPDATE G_REPLY 
      SET REPLY = #{ reply }
    WHERE IDX = #{ idx }
      AND RNO = #{ rno }
   </update>
   
   <delete id="deleteReply">
     DELETE FROM G_REPLY
     WHERE RNO = #{ rno }
   </delete>
   
</mapper>
















   