<?xml version="1.0" encoding="UTF-8"?>
<!DOCTYPE mapper
  PUBLIC "-//mybatis.org//DTD Mapper 3.0//EN"
  "http://mybatis.org/dtd/mybatis-3-mapper.dtd">

<mapper namespace="User">  
  
  <!-- 회원가입 -->
 <insert id="UserInsert">
   
       INSERT INTO GREENUSERS (
		    USERID,
		    PASSWD,
		    USERNAME,
		    USERBIRTH,
		    EMAIL,
		    INDATE,
		    NICKNAME
		) VALUES (
		    #{ userid    },
		    #{ passwd    },
		    #{ username  },
		    #{ userbirth  },
		    #{ email     },
		    SYSDATE,
		    #{nickname}
		)       
   
   </insert>
   
   <!-- 회원목록조회 -->
   <select id="getUserList"
           resultType="com.green.user.vo.UserVo">
      SELECT  
        USERID,
        PASSWD,
        USERNAME,
        TO_CHAR(USERBIRTH, 'YYYY-MM-DD') USERBIRTH,
        EMAIL,  
        TO_CHAR(INDATE, 'YYYY-MM-DD') INDATE
	  FROM  GREENUSERS
	  ORDER BY USERID    
   </select>
   
   <!-- 회원개인조회 -->
   <select id="getUser"
           resultType="com.green.user.vo.UserVo">
     SELECT 
         USERID,
         PASSWD,
         USERNAME,
         TO_CHAR(USERBIRTH, 'YYYY-MM-DD') USERBIRTH,
         EMAIL,  
         TO_CHAR(INDATE, 'YYYY-MM-DD') INDATE
      FROM   GREENUSERS
      WHERE  USERID = #{ userid }  
   </select>
   <select id="DupCheck"
           resultType="int" >
   
   	SELECT COUNT(*) FROM GREENUSERS
	WHERE USERID = #{ userid }
   </select>
   
   <select id="NickDupCheck"
           resultType="int" >
   
   	SELECT COUNT(*) FROM GREENUSERS
	WHERE NICKNAME = #{ nickname }
   </select>
   
   <!-- 회원삭제 -->
   <delete id="UserDelete">
      
      DELETE 
        FROM   GREENUSERS
        WHERE  USERID = #{userid}
   
   </delete>
 
   <!-- 회원수정 -->
   <update id="UserUpdate">
   
   	   UPDATE  GREENUSERS
   	     SET   PASSWD   =  #{ passwd },
   	           EMAIL    =  #{ email },
   	           NICKNAME =  #{ nickname } 	     
   	    WHERE  USERID   =  #{ userid } 
   	    AND    PASSWD   =  #{ passwd } 
   
   </update>
 
   <select id="UserCheck"
           resultType="com.green.user.vo.UserVo">
   SELECT *
   FROM   GREENUSERS
   WHERE USERID = #{ userid }
   
   
   </select>
 
 
    <select id="UserName"
           resultType="com.green.user.vo.UserVo">
   SELECT *
   FROM   GREENUSERS
   WHERE USERID = #{ userid }
   
   
   </select>
 
 
</mapper>





   